generation,max_fitness,mean_fitness,max_dead_time,eval_time,percentage
0,10.1,-127.1,42,0.4659378849999998,0.59999996
1,10.4,-82.508,42,0.3786155139999998,0.71999997
2,10.4,-128.916,42,0.3466100609999998,0.52
3,10.1,-112.51601,42,0.37502126200000063,0.52
4,9.8,-109.02801,42,0.30667901299999833,0.68
5,10.1,-20.676,42,0.30135291399999886,0.88
6,10.7,-125.96,42,0.30994171199999876,0.59999996
7,10.1,-95.09599,42,0.2974012110000004,0.59999996
8,9.8,-168.59999,42,0.36442120799999955,0.44
9,10.1,-109.984,42,0.369488947999999,0.59999996
10,10.4,-109.82,42,0.36328012000000065,0.59999996
11,10.1,-81.383995,42,0.3633360149999998,0.64
12,10.1,-66.816,42,0.35388607500000013,0.64
13,10.7,-111.13199,42,0.27589092000000015,0.52
14,11.0,-122.908,42,0.3416823320000013,0.64
15,10.4,-65.272,42,0.24851525400000085,0.76
16,9.8,-107.984,42,0.3540953509999998,0.64
17,10.1,-136.44,42,0.3931074060000004,0.56
18,10.4,-110.788,42,0.39068215599999867,0.64
19,10.1,-122.02801,42,0.38773011700000026,0.64
20,10.1,-138.428,42,0.2997014189999998,0.56
21,10.7,-64.563995,42,0.38048559199999943,0.68
22,11.0,-82.08399,42,0.3211720090000014,0.68
23,10.4,-83.168,42,0.2932517090000015,0.64
24,11.0,-109.91199,42,0.4028087830000011,0.56
25,10.4,-122.264,42,0.35498122000000265,0.56
26,10.4,-94.243996,42,0.3421908679999994,0.56
27,10.7,-139.652,42,0.38833087600000127,0.56
28,10.1,-120.579994,42,0.36417963799999953,0.59999996
29,10.4,-155.15999,42,0.2785933570000019,0.48
30,10.1,-106.14,42,0.3315750410000007,0.68
31,11.0,-152.67198,42,0.3314821160000001,0.56
32,10.4,-82.408005,42,0.38273722100000285,0.64
33,10.7,-93.288,42,0.3715867810000013,0.64
34,10.4,-90.77599,42,0.3620950679999986,0.71999997
