generation,max_fitness,mean_fitness,max_dead_time,eval_time,percentage
0,1.5,-111.74119,42,0.7623712290000002,0.0
1,1.5,-93.51373,42,0.552773213,0.0
2,1.5,-124.63531,42,0.5328282099999999,0.0
3,1.5,-77.26275,42,0.5389464189999984,0.0
4,1.5,-55.594124,42,0.5393729999999994,0.0
5,1.5,-70.858826,42,0.5346564409999992,0.0
6,1.5,-88.14118,42,0.5584006969999997,0.0
