generation,max_fitness,mean_fitness,max_dead_time,eval_time,percentage
0,2.4,-171.98238,42,0.28844802199999986,0.0
1,2.4,-236.17845,42,0.14395397400000043,0.0
2,3.0,-41.150986,42,0.1691085440000002,0.0
3,3.0,-56.89216,42,0.16756102200000011,0.0
4,3.0,-54.982357,42,0.18048906200000037,0.0
5,3.0,-97.52354,42,0.15459560399999983,0.0
6,3.6,-62.87844,42,0.13203820000000022,0.0
