generation,max_fitness,mean_fitness,max_dead_time,eval_time,percentage
0,9.8,-156.53198,42,0.7153643980000002,0.52
1,9.8,-98.682,42,0.5183410130000006,0.64
2,10.4,-82.11,42,0.4918480970000001,0.7
3,9.8,-122.13,42,0.5228216089999993,0.64
4,10.1,-91.107994,42,0.5225471940000013,0.68
5,10.4,-103.93,42,0.5426014160000001,0.62
