generation,max_fitness,mean_fitness,max_dead_time,eval_time,percentage
0,10.4,-65.072,42,0.3635416029999998,0.76
1,9.8,-126.372,42,0.31530904200000087,0.64
2,10.1,-184.54,42,0.2924542150000011,0.32
3,9.8,-126.624,42,0.2769630370000016,0.59999996
4,10.1,-81.66,42,0.2988181679999986,0.71999997
5,10.1,-153.93999,42,0.2529110330000002,0.56
6,9.8,-154.13599,42,0.25257573500000063,0.52
7,10.4,-93.468,42,0.289161966,0.71999997
8,10.4,-124.384,42,0.2764958119999985,0.59999996
9,10.4,-63.196,42,0.3054876569999987,0.71999997
10,10.1,-154.42,42,0.268107775999999,0.48
11,10.1,-81.268,42,0.2727151440000011,0.68
12,10.7,-83.488,42,0.27636085500000007,0.59999996
13,10.4,-151.648,42,0.26836115999999954,0.56
14,10.1,-122.784004,42,0.3212682080000011,0.56
15,10.4,-66.159996,42,0.30800122999999857,0.68
16,10.4,-106.647995,42,0.2963128079999997,0.59999996
17,10.7,-82.352,42,0.25789203999999977,0.68
18,11.0,-67.46,42,0.28157795199999924,0.64
19,10.4,-36.228,42,0.2627745490000013,0.84
20,10.7,-81.492,42,0.2765160289999997,0.59999996
21,10.4,-109.81199,42,0.331883543,0.68
22,9.5,-197.61198,42,0.28811716500000095,0.35999998
23,10.4,-168.448,42,0.28979356800000033,0.48
24,10.4,-96.967995,42,0.3345306620000006,0.71999997
25,10.4,-139.712,42,0.28595540699999944,0.56
26,10.4,-66.496,42,0.3335606930000008,0.76
27,10.4,-110.45999,42,0.3122715869999997,0.64
28,10.4,-113.076004,42,0.27553633600000005,0.68
29,10.4,-105.895996,42,0.2580404430000005,0.59999996
30,10.4,-107.45199,42,0.259219968,0.68
31,10.4,-82.607994,42,0.27113228999999706,0.68
32,10.4,-81.776,42,0.30626696999999936,0.71999997
33,10.4,-81.19199,42,0.2305346220000004,0.68
34,10.7,-96.68,42,0.2906537149999977,0.71999997
35,10.8,-48.603996,42,0.2799411340000013,0.76
36,11.0,-96.244,42,0.2853146580000008,0.59999996
37,10.4,-144.58,42,0.2975557809999998,0.56
38,10.4,-182.49599,42,0.31747941800000135,0.48
39,10.4,-79.759995,42,0.25867637800000054,0.68
40,10.1,-111.51599,42,0.27381353799999886,0.59999996
41,10.1,-170.63599,42,0.28219031799999783,0.48
42,10.1,-121.967995,42,0.2880421309999974,0.56
43,10.1,-125.612,42,0.2168711959999996,0.48
44,10.4,-98.756,42,0.22675869499999735,0.56
45,10.4,-155.07599,42,0.24121459400000234,0.56
