generation,max_fitness,mean_fitness,max_dead_time,eval_time,percentage
0,0.9,-42.535645,42,1.5955338130000003,0.0
1,8.3,-89.023766,42,0.7417435379999997,0.00990099
2,8.3,-48.580193,42,0.7796318390000003,0.00990099
3,11.0,-113.16634,42,0.8023669259999995,0.059405938
4,11.0,-93.54059,42,0.7683122870000005,0.14851485
