generation,max_fitness,mean_fitness,max_dead_time,eval_time,percentage
0,10.1,-76.528,42,0.4794820790000003,0.71999997
1,10.4,-137.824,42,0.4046395839999999,0.56
2,11.0,-106.2,42,0.3614743909999998,0.68
3,10.4,-138.612,42,0.3787897359999999,0.56
4,10.4,-132.912,42,0.38794025199999993,0.56
5,10.1,-92.792,42,0.38212185299999923,0.64
6,10.7,-77.51599,42,0.3542285379999992,0.76
7,10.4,-94.952,42,0.37535249599999965,0.59999996
8,10.1,-123.05201,42,0.37622071599999884,0.59999996
9,11.0,-119.299995,42,0.3779606020000017,0.56
10,10.4,-94.61199,42,0.3633142619999994,0.59999996
11,10.1,-121.768005,42,0.3928212870000003,0.52
12,10.7,-180.5,42,0.3721405449999988,0.44
13,10.4,-170.28,42,0.39021543900000033,0.44
14,10.1,-65.276,42,0.39970304199999873,0.68
15,11.3,-107.052,42,0.36171276600000013,0.56
16,10.1,-93.10801,42,0.3757598309999999,0.71999997
17,10.1,-183.03201,42,0.3696438329999996,0.24
18,10.7,-122.512,42,0.36743405500000037,0.56
19,10.4,-96.92799,42,0.410897254,0.64
20,10.1,-140.412,42,0.3964948079999999,0.48
21,10.1,-135.99599,42,0.3819627220000008,0.59999996
22,10.7,-94.507996,42,0.37397074699999777,0.68
23,10.4,-110.659996,42,0.39717218399999865,0.64
24,10.1,-154.67201,42,0.3983150379999998,0.52
25,10.1,-139.87599,42,0.3997187040000014,0.35999998
26,10.4,-78.55599,42,0.3820591599999972,0.68
27,10.1,-137.784,42,0.3731684649999991,0.56
28,11.0,-48.004,42,0.3414227679999975,0.76
29,10.7,-90.624,42,0.36322753500000005,0.56
