generation,max_fitness,mean_fitness,max_dead_time,eval_time,percentage
0,9.8,-70.88,42,0.4631525710000002,0.59999996
1,9.5,-53.767998,42,0.38032398899999986,0.71999997
2,10.7,-35.128,42,0.3612413769999998,0.84
3,9.8,-82.439995,42,0.3693767020000003,0.76
4,9.8,-20.776001,42,0.360875720000001,0.68
