generation,max_fitness,mean_fitness,max_dead_time,eval_time,percentage
0,10.4,-81.59599,42,0.4836600000000004,0.71999997
1,10.4,-66.872,42,0.2694840800000007,0.79999995
2,10.7,-201.99597,42,0.37595894399999885,0.44
3,9.8,-68.168,42,0.3587036329999993,0.71999997
4,10.1,-181.80402,42,0.34569486100000013,0.44
5,9.8,-79.956,42,0.34668615,0.68
6,10.1,-184.848,42,0.36735914700000016,0.35999998
7,9.8,-67.28001,42,0.3571470019999996,0.71999997
8,10.1,-110.844,42,0.39264994799999897,0.56
9,10.1,-126.948,42,0.3771284949999991,0.59999996
10,-0.9,-356.888,42,0.39265322499999833,0.0
11,-0.9,-306.21597,42,0.36994681600000057,0.0
12,-0.9,-243.62398,42,0.36765482799999916,0.0
13,-0.9,-248.492,42,0.3795920800000001,0.0
14,-0.9,-234.604,42,0.3799244700000006,0.0
15,-0.9,-236.084,42,0.38665224300000034,0.0
16,-0.9,-219.56,42,0.3719689930000012,0.0
17,-0.9,-233.54001,42,0.35801943199999897,0.0
18,-0.9,-247.644,42,0.3616044280000015,0.0
19,-0.9,-178.12,42,0.36319081799999964,0.0
20,-0.9,-251.872,42,0.3807479889999996,0.0
21,-0.9,-231.144,42,0.39634657999999945,0.0
22,-0.9,-243.63602,42,0.34731505599999934,0.0
23,-0.9,-238.86398,42,0.36896669399999915,0.0
24,-0.9,-232.528,42,0.3533982239999993,0.0
25,-0.9,-203.94,42,0.39764186400000057,0.0
26,0.5,-188.908,42,0.367855131999999,0.0
27,0.5,-223.90799,42,0.3573487220000011,0.0
28,0.5,-272.328,42,0.3368156880000015,0.0
29,0.5,-258.88797,42,0.40551023399999764,0.0
30,0.5,-250.628,42,0.31177455899999984,0.0
31,0.5,-277.8,42,0.37849359300000174,0.0
32,0.5,-246.224,42,0.3470458460000003,0.0
33,0.5,-293.128,42,0.3751140190000015,0.0
34,0.5,-266.93198,42,0.2687382050000018,0.0
35,0.5,-233.31201,42,0.3737419519999996,0.0
36,0.5,-289.7,42,0.35987907799999874,0.0
