generation,max_fitness,mean_fitness,max_dead_time,eval_time,percentage
0,0.9,-55.225,42,1.497502823,0.0
1,1.2,-19.959,42,0.7051043149999998,0.0
2,0.9,-54.283,42,0.7549840870000004,0.0
3,8.0,-90.399,42,0.7268959559999999,0.02
4,0.9,-56.965,42,0.7646499010000003,0.0
5,0.9,-107.149994,42,0.6988447099999995,0.0
6,0.9,-59.557,42,0.708646293000001,0.0
7,0.9,-55.57,42,0.7284703190000013,0.0
8,0.9,-55.925,42,0.7442017360000008,0.0
9,0.9,-45.272,42,0.7302450779999994,0.0
10,2.4,-90.347,42,0.690195168999999,0.0
11,2.7,-91.20201,42,0.7203552510000009,0.0
12,3.9,-55.402996,42,0.7940508770000001,0.0
13,3.9,-80.101006,42,0.7417937600000002,0.0
14,14.0,-89.12601,42,0.795201812000002,0.01
15,14.0,-60.311005,42,0.7666207370000002,0.01
16,14.0,-87.703,42,0.668679032,0.049999997
17,14.0,-93.002,42,0.7488565939999994,0.11
18,14.0,-121.84,42,0.7116461580000006,0.06
19,14.0,-120.512,42,0.7025288329999988,0.07
20,14.0,-122.40299,42,0.7183052769999989,0.099999994
21,14.0,-97.197,42,0.7184650959999992,0.08
22,14.0,-109.608,42,0.7376665469999999,0.099999994
23,14.0,-97.368,42,0.7623050829999976,0.11
24,14.0,-110.969,42,0.778956505,0.089999996
25,14.0,-115.08301,42,0.7409934220000025,0.08
26,14.0,-94.145,42,0.6859810730000007,0.07
27,14.0,-108.894005,42,0.7542732270000023,0.11
28,14.0,-77.625,42,0.7308187549999978,0.08
29,14.0,-103.937,42,0.7738328649999993,0.08
