generation,max_fitness,mean_fitness,max_dead_time,eval_time,percentage
0,-0.6,-363.49197,42,1.3240567639999994,0.0
1,-0.6,-360.79898,42,0.6155714590000017,0.0
2,0.2,-228.346,42,0.7073016120000002,0.0
3,0.2,-283.157,42,0.5547256960000002,0.0
4,0.2,-242.268,42,0.6546374480000008,0.0
5,0.2,-268.473,42,0.7270280010000008,0.0
6,0.2,-215.234,42,0.7045987240000002,0.0
7,0.2,-261.023,42,0.7547651999999996,0.0
8,0.2,-241.22398,42,0.7376477689999987,0.0
9,0.2,-273.378,42,0.7104174020000009,0.0
10,0.2,-249.403,42,0.6975741049999993,0.0
11,0.2,-249.29398,42,0.738685126,0.0
12,0.2,-240.635,42,0.8085611159999999,0.0
13,6.0,-256.488,42,0.7937635010000008,0.01
14,6.0,-274.57397,42,0.6641752160000003,0.01
15,6.5,-308.851,42,0.7714680399999985,0.12
16,6.5,-301.449,42,0.7748496889999998,0.16
17,6.5,-324.839,42,0.678559509000003,0.12
18,7.3,-325.371,42,0.7440940549999979,0.12
19,7.3,-311.12198,42,0.7532022779999998,0.16
20,7.3,-306.45102,42,0.7752351210000015,0.14
21,7.3,-304.60898,42,0.7170973550000035,0.13
22,8.3,-309.07498,42,0.7882472759999999,0.14
23,8.3,-316.90198,42,0.7861644550000015,0.13
24,8.3,-256.061,42,0.747879042000001,0.29
25,8.3,-270.639,42,0.7351923030000016,0.24
26,8.3,-258.257,42,0.773938459,0.26
27,8.3,-264.598,42,0.7074969479999993,0.26
28,8.3,-290.068,42,0.8035935490000021,0.17999999
29,8.3,-284.38202,42,0.8274911380000027,0.19999999
30,8.3,-265.921,42,0.7969086650000001,0.26
31,8.3,-267.19,42,0.7727618570000025,0.22999999
32,8.3,-268.832,42,0.7990629370000022,0.24
33,8.3,-257.227,42,0.7976626099999962,0.28
34,8.3,-267.988,42,0.8196920540000008,0.22
35,8.3,-254.38899,42,0.7678295110000022,0.26999998
36,8.3,-285.828,42,0.7672882509999965,0.21
37,8.3,-252.75699,42,0.7829231400000012,0.29
38,9.2,-271.831,42,0.8243360159999966,0.25
39,9.2,-254.88199,42,0.817987862999999,0.29
40,9.2,-289.879,42,0.8359982630000005,0.13
41,9.2,-290.241,42,0.8092442589999962,0.16
42,9.2,-297.726,42,0.8355466050000047,0.14999999
43,9.2,-267.76297,42,0.7611738920000022,0.17999999
44,9.2,-292.81897,42,0.8196280589999958,0.17
45,9.2,-260.31198,42,0.8200854520000007,0.22
46,9.2,-286.57098,42,0.8421505769999982,0.17999999
47,9.2,-283.393,42,0.8190951230000039,0.17
