generation,max_fitness,mean_fitness,max_dead_time,eval_time,percentage
0,9.8,-110.1,42,0.5003009279999997,0.64
1,10.4,-96.28,42,0.34739579499999973,0.71999997
2,10.1,-126.71999,42,0.36473145000000073,0.59999996
3,9.5,-137.808,42,0.3695711149999994,0.59999996
4,9.5,-172.348,42,0.38173600200000024,0.52
5,9.8,-110.855995,42,0.3597735329999985,0.68
6,9.8,-51.096,42,0.36598988699999957,0.76
7,9.5,-98.412,42,0.3591116999999997,0.56
8,9.8,-96.5,42,0.3676826639999984,0.71999997
9,9.5,-84.395996,42,0.3908884859999997,0.64
10,11.0,-50.776,42,0.39189177000000086,0.64
11,10.1,-109.416,42,0.3612321999999999,0.59999996
12,11.0,-139.192,42,0.36559646100000087,0.48
13,9.8,-96.88,42,0.3528047730000008,0.59999996
14,9.8,-154.908,42,0.372219544,0.48
15,9.8,-112.20801,42,0.3717992310000007,0.64
16,10.1,-80.824005,42,0.36437507000000124,0.68
17,10.1,-170.63199,42,0.32982623599999883,0.52
18,10.1,-153.98,42,0.3870011910000013,0.56
19,11.3,-77.647995,42,0.3804154200000003,0.71999997
20,10.7,-166.95999,42,0.35159578699999905,0.52
21,10.1,-170.16,42,0.35701231999999905,0.48
22,10.1,-227.748,42,0.3545711119999986,0.24
23,10.4,-37.352,42,0.3622714620000007,0.71999997
24,10.1,-79.868004,42,0.36934075499999963,0.64
25,10.1,-109.663994,42,0.36623331699999895,0.59999996
26,10.1,-125.07199,42,0.32975980300000174,0.59999996
27,10.4,-140.80399,42,0.36615079499999936,0.56
28,11.0,-95.308,42,0.3735325940000003,0.64
29,10.7,-151.46799,42,0.36780926899999855,0.35999998
30,11.0,-106.724,42,0.3618818610000005,0.59999996
31,10.4,-139.144,42,0.37032715999999866,0.52
32,10.1,-123.799995,42,0.3788801229999983,0.59999996
33,9.8,-168.468,42,0.34540871700000153,0.39999998
34,10.1,-125.65201,42,0.3766042880000029,0.52
