generation,max_fitness,mean_fitness,max_dead_time,eval_time,percentage
0,-2.5,-358.096,42,0.4713841059999999,0.0
1,-2.5,-347.08398,42,0.29762663700000047,0.0
2,-2.5,-242.57199,42,0.3813279509999994,0.0
3,-2.5,-174.592,42,0.3657372490000004,0.0
4,-2.5,-132.588,42,0.3542101019999997,0.0
5,6.5,-184.94,42,0.3622080400000005,0.04
6,6.5,-160.288,42,0.32209919499999984,0.04
7,6.5,-237.07599,42,0.36141380399999967,0.12
8,6.5,-213.03601,42,0.35702191200000044,0.16
9,6.5,-210.38397,42,0.37101184499999995,0.24
10,6.5,-139.65599,42,0.37554792399999926,0.44
11,6.5,-250.676,42,0.35600809099999964,0.28
12,6.5,-224.48398,42,0.37523390099999965,0.24
13,6.5,-213.54398,42,0.3805238820000003,0.35999998
14,6.5,-235.67198,42,0.37030921700000086,0.28
15,6.5,-282.904,42,0.36152661499999894,0.19999999
16,6.5,-226.62,42,0.3567260350000012,0.19999999
17,6.5,-182.87999,42,0.35814237800000015,0.35999998
18,6.5,-226.62398,42,0.36558396100000046,0.28
19,6.5,-241.46,42,0.38250919999999944,0.24
20,6.5,-238.45999,42,0.3044404699999994,0.28
21,6.5,-234.98,42,0.3675113440000004,0.28
22,6.5,-197.81999,42,0.3660060999999999,0.32
23,6.5,-223.58,42,0.3287191829999987,0.28
24,6.5,-184.71599,42,0.3589325910000003,0.32
25,6.5,-227.7,42,0.3651807190000014,0.28
26,6.5,-215.39998,42,0.370284305000002,0.32
27,6.5,-212.90001,42,0.3660516670000007,0.28
28,6.5,-255.968,42,0.373168046,0.19999999
