generation,max_fitness,mean_fitness,max_dead_time,eval_time,percentage
0,10.1,-125.298,42,0.7728286910000004,0.58
1,10.1,-110.02599,42,0.4069981500000015,0.65999997
