generation,max_fitness,mean_fitness,max_dead_time,eval_time,percentage
0,0.9,-91.33138,42,0.7375525880000002,0.0
1,0.9,-38.456863,42,0.48615680600000033,0.0
2,0.9,-61.10588,42,0.4916303580000001,0.0
3,0.9,-76.6804,42,0.528859860999999,0.0
4,1.5,-76.28236,42,0.489194071,0.0
5,1.5,-60.960785,42,0.5031953389999995,0.0
6,1.5,-113.77255,42,0.49714013300000026,0.0
7,1.5,-83.55295,42,0.4778810780000011,0.0
8,1.5,-37.837257,42,0.5020244319999989,0.0
9,1.5,-98.65687,42,0.47366065499999976,0.0
