generation,max_fitness,mean_fitness,max_dead_time,eval_time,percentage
0,0.9,-100.175995,42,0.8010902840000003,0.0
1,7.0,-70.684006,42,0.5258518079999988,0.02
2,0.9,-83.704,42,0.4326230950000003,0.0
3,1.0,-126.504,42,0.5478665190000012,0.0
4,0.9,-68.743996,42,0.513064924,0.0
5,0.9,-187.388,42,0.5093309899999987,0.0
6,0.9,-83.156006,42,0.5150987370000006,0.0
7,0.9,-52.244003,42,0.5504903900000002,0.0
8,0.9,-74.894,42,0.5330584540000007,0.0
9,0.9,-46.196,42,0.5113446770000003,0.0
10,0.9,-46.116,42,0.5015525489999995,0.0
11,0.9,-38.301994,42,0.46924593299999984,0.0
12,0.9,-84.02599,42,0.4436985160000013,0.0
13,0.9,-60.511997,42,0.5111926379999989,0.0
14,0.9,-38.504,42,0.5216334469999993,0.0
15,0.9,-61.296,42,0.49632500100000065,0.0
16,0.9,-82.53,42,0.5390540379999997,0.0
17,0.9,-68.47,42,0.5121579799999978,0.0
18,1.2,-38.366,42,0.5034478890000003,0.0
19,1.7,-68.228,42,0.4956800880000003,0.0
20,7.3,-81.324,42,0.4939489179999974,0.02
21,1.5,-57.177998,42,0.47803858099999985,0.0
22,7.3,-125.618004,42,0.5276873980000012,0.02
23,10.4,-88.729996,42,0.5148516630000017,0.02
24,10.4,-164.97601,42,0.481574645000002,0.02
25,10.4,-101.448,42,0.5592030879999967,0.04
26,10.4,-63.39,42,0.4998870790000005,0.04
27,10.4,-68.572,42,0.5491277600000011,0.099999994
28,10.4,-121.944,42,0.5062067239999983,0.14
29,10.4,-78.902,42,0.5582224410000016,0.14
30,10.4,-78.299995,42,0.4868964290000015,0.16
31,10.4,-56.054,42,0.5636621790000014,0.099999994
32,10.4,-58.28,42,0.5313377499999987,0.14
33,10.4,-78.528,42,0.5274148900000029,0.14
