generation,max_fitness,mean_fitness,max_dead_time,eval_time,percentage
0,10.1,-129.02,42,0.408754638,0.52
1,9.8,-151.684,42,0.3335082200000006,0.48
2,9.8,-174.68,42,0.3009773459999998,0.44
3,10.7,-108.759995,42,0.25419995100000037,0.64
4,9.8,-125.83599,42,0.24887386900000052,0.56
5,9.8,-162.58,42,0.2368226870000001,0.44
6,10.1,-142.32799,42,0.2687263279999996,0.52
7,10.1,-97.200005,42,0.3450066249999999,0.68
8,10.1,-110.47599,42,0.3574630489999997,0.64
9,10.1,-138.84799,42,0.3470025620000001,0.56
10,10.4,-127.744,42,0.32105558000000123,0.48
11,9.8,-80.468,42,0.35438725600000076,0.68
12,10.4,-128.884,42,0.3057626100000004,0.56
13,10.7,-83.352,42,0.3205313210000007,0.68
14,10.1,-80.824,42,0.3357293349999999,0.76
15,9.8,-94.268005,42,0.37703835399999974,0.68
16,10.1,-66.56,42,0.3624054639999983,0.76
17,10.1,-81.852,42,0.3569380080000002,0.68
18,10.1,-169.71199,42,0.3647472890000003,0.48
19,10.1,-172.548,42,0.35784072799999933,0.48
20,10.1,-141.12401,42,0.32116260799999985,0.56
21,10.7,-112.164,42,0.2725303459999999,0.52
22,10.1,-128.02,42,0.3302631429999998,0.64
23,10.1,-143.684,42,0.3749229749999987,0.59999996
24,10.4,-203.94,42,0.29029204699999944,0.44
25,-333.5,-371.376,42,0.3356296580000002,0.0
26,-333.5,-359.236,42,0.3113507200000001,0.0
27,-330.3,-357.00397,42,0.3008357330000013,0.0
28,-2.5,-341.28,42,0.2880916140000025,0.0
29,-2.5,-339.696,42,0.335272659000001,0.0
30,-2.5,-278.208,42,0.3803489229999997,0.0
31,-2.5,-266.304,42,0.37674462999999747,0.0
