generation,max_fitness,mean_fitness,max_dead_time,eval_time,percentage
0,5.0,-13.6500025,42,0.14951099999999995,0.04
1,5.0,-4.034,42,0.0706610000000003,0.04
2,10.3,-2.208,42,0.07739100000000043,0.16
3,10.3,-1.8539999,42,0.07567099999999982,0.22
