generation,max_fitness,mean_fitness,max_dead_time,eval_time,percentage
0,9.5,-87.977,42,1.4949645909999996,0.01
1,9.5,-50.573,42,0.783024502,0.01
2,9.5,-109.909004,42,0.7474503989999999,0.07
3,9.5,-99.792,42,0.7775626330000005,0.06
4,9.5,-100.811,42,0.727741867999999,0.11
5,9.5,-93.61,42,0.7570206499999994,0.099999994
6,9.5,-84.515,42,0.7941506450000002,0.11
7,9.5,-122.784004,42,0.7432698870000003,0.11
8,9.8,-109.783005,42,0.7468277990000001,0.089999996
9,9.8,-100.884995,42,0.7552267679999982,0.07
10,9.8,-120.131996,42,0.7798650330000001,0.06
11,9.8,-131.967,42,0.7199322979999998,0.07
12,9.8,-114.72599,42,0.694198428,0.089999996
13,9.8,-124.779,42,0.7687153290000026,0.08
14,9.8,-100.355995,42,0.7310999560000013,0.08
15,9.8,-115.43099,42,0.7560536679999998,0.089999996
16,9.8,-100.739,42,0.7329781169999983,0.08
17,9.8,-110.57099,42,0.7610229729999993,0.08
18,9.8,-99.417,42,0.7322139629999995,0.06
19,9.8,-133.62099,42,0.7152036180000003,0.049999997
20,9.8,-140.807,42,0.7676660730000009,0.08
21,9.8,-115.52801,42,0.7139201130000004,0.08
22,9.8,-96.262,42,0.7271130019999994,0.049999997
23,9.8,-107.795,42,0.7642659210000033,0.06
24,9.8,-114.295,42,0.7440222579999975,0.11
25,9.8,-149.48999,42,0.7456161949999967,0.06
26,9.8,-112.437,42,0.741902060000001,0.089999996
27,9.8,-114.079994,42,0.7419264649999988,0.089999996
28,9.8,-117.691986,42,0.7626366319999995,0.07
29,9.8,-116.783005,42,0.7856624709999984,0.08
30,9.8,-103.33099,42,0.7288341059999972,0.089999996
31,9.8,-91.94599,42,0.754089608000001,0.08
32,9.8,-91.773,42,0.7433824339999973,0.07
33,9.8,-97.167,42,0.7760256439999935,0.08
34,9.8,-94.80201,42,0.7592977549999986,0.06
35,9.8,-116.87599,42,0.7761174580000016,0.07
36,9.8,-112.760994,42,0.7486744460000025,0.099999994
37,10.5,-91.329994,42,0.7747411409999998,0.099999994
38,9.8,-121.66199,42,0.720209171999997,0.049999997
39,9.8,-123.12301,42,0.7435058660000067,0.099999994
40,9.8,-97.971,42,0.7566857969999958,0.08
41,9.8,-110.058,42,0.7782736039999989,0.07
42,9.8,-105.194,42,0.7970217960000028,0.08
43,9.8,-149.324,42,0.7482794110000057,0.07
44,9.8,-89.082,42,0.7242640159999993,0.06
45,9.8,-83.911,42,0.7306156679999987,0.049999997
46,9.8,-109.719,42,0.6928248799999963,0.07
