generation,max_fitness,mean_fitness,max_dead_time,eval_time,percentage
0,9.5,-87.787,42,1.4159691260000002,0.01
1,9.5,-50.586,42,0.7782634460000004,0.01
2,9.5,-109.92799,42,0.8122590360000004,0.07
3,9.5,-109.362,42,0.7278643990000013,0.06
4,9.5,-110.905,42,0.7506439890000003,0.099999994
5,9.5,-92.95,42,0.7809512719999994,0.099999994
6,9.5,-88.115,42,0.7513644459999984,0.099999994
7,9.5,-113.011,42,0.736006187000001,0.099999994
8,9.8,-105.769005,42,0.7461789149999998,0.089999996
9,9.8,-91.534004,42,0.7200886410000003,0.08
10,9.8,-110.689995,42,0.7481094189999986,0.06
11,9.8,-124.56801,42,0.7283628800000024,0.07
12,9.8,-108.826004,42,0.7437273550000008,0.099999994
13,9.8,-117.66599,42,0.7098828180000005,0.08
14,9.8,-100.451,42,0.7448859999999975,0.08
15,9.8,-115.51301,42,0.765168911,0.089999996
16,9.8,-107.619995,42,0.7535211960000012,0.08
17,9.8,-104.238,42,0.7428077179999981,0.08
18,9.8,-99.86,42,0.7367725060000012,0.07
19,9.8,-133.949,42,0.7322220850000001,0.049999997
20,9.8,-141.802,42,0.7536067630000005,0.08
21,9.8,-112.143005,42,0.7258090089999989,0.08
22,9.8,-89.347,42,0.7483742540000016,0.06
23,9.8,-111.079994,42,0.7899433599999988,0.06
24,9.8,-127.867,42,0.7622986489999981,0.099999994
25,9.8,-136.423,42,0.7386408399999986,0.06
26,9.8,-116.112,42,0.8026976350000012,0.089999996
27,9.8,-120.514,42,0.7278972350000004,0.089999996
