generation,max_fitness,mean_fitness,max_dead_time,eval_time,percentage
0,0.9,-68.082,42,0.7994965369999996,0.0
1,0.9,-199.438,42,0.5353338269999988,0.0
2,0.9,-49.977997,42,0.5104176460000005,0.0
3,0.9,-48.404,42,0.5339017770000005,0.0
4,0.9,-57.308,42,0.528823998,0.0
5,0.9,-48.812,42,0.529820762,0.0
6,0.9,-52.178005,42,0.5350826929999997,0.0
7,0.9,-28.693998,42,0.5091694759999985,0.0
8,1.5,-35.892,42,0.5346330360000007,0.0
9,1.5,-22.766,42,0.5432676569999995,0.0
10,1.5,-29.503998,42,0.49746307499999887,0.0
11,1.5,-58.327995,42,0.5212191579999992,0.0
12,1.5,-81.344,42,0.47439826899999993,0.0
13,1.5,-50.539997,42,0.5228175430000004,0.0
14,1.5,-51.824,42,0.5046588439999997,0.0
15,1.5,-95.24,42,0.4974670070000009,0.0
16,1.5,-60.404003,42,0.4894447599999978,0.0
17,1.5,-43.412003,42,0.5207341900000024,0.0
18,1.5,-90.712,42,0.5143754800000018,0.0
19,1.5,-66.956,42,0.47523369800000026,0.0
20,1.5,-44.682,42,0.5204771510000015,0.0
21,1.5,-81.954,42,0.5416479030000012,0.0
22,1.5,-36.022,42,0.511080677999999,0.0
23,1.5,-81.212,42,0.5680079559999989,0.0
24,1.5,-73.808,42,0.5054823190000022,0.0
25,1.5,-174.406,42,0.5269721129999994,0.0
26,1.5,-145.506,42,0.5223843499999994,0.0
27,2.7,-122.74199,42,0.5369500380000005,0.0
28,2.7,-124.69601,42,0.5363703869999981,0.0
29,2.7,-114.02,42,0.5308886820000005,0.0
