generation,max_fitness,mean_fitness,max_dead_time,eval_time,percentage
0,3.3,-167.14801,42,0.7523276810000001,0.0
1,3.4,-154.82199,42,0.5082437039999999,0.0
2,3.4,-130.972,42,0.5269796930000012,0.0
3,3.4,-139.396,42,0.5024866360000004,0.0
4,3.4,-139.90001,42,0.4880535479999999,0.0
5,3.4,-116.608,42,0.48319205399999987,0.0
6,3.4,-132.17198,42,0.4954539620000009,0.0
7,3.4,-109.70201,42,0.4987242150000011,0.0
8,3.4,-115.92201,42,0.48997531899999913,0.0
9,3.4,-109.19599,42,0.500967459,0.0
10,3.4,-101.745995,42,0.41777473500000006,0.0
11,3.4,-109.39,42,0.4499417619999999,0.0
12,3.4,-71.857994,42,0.5321741529999997,0.0
13,3.4,-102.094,42,0.5120326659999996,0.0
14,3.4,-124.184,42,0.5284405169999999,0.0
15,3.4,-145.638,42,0.5111783019999994,0.0
16,3.4,-169.244,42,0.5603605760000008,0.0
17,3.4,-124.95201,42,0.5047379499999991,0.0
18,3.4,-95.216,42,0.5237866269999998,0.0
19,3.4,-117.5,42,0.5205538400000016,0.0
20,3.4,-154.45,42,0.5395508140000018,0.0
21,3.4,-125.014,42,0.5442767330000002,0.0
22,3.4,-92.894005,42,0.4088447660000014,0.0
23,3.4,-176.102,42,0.5155350859999999,0.0
24,3.4,-116.794,42,0.4850261879999991,0.0
25,3.4,-154.73,42,0.49950483599999984,0.0
26,3.4,-124.102,42,0.5232979919999998,0.0
27,3.4,-131.65,42,0.49939522500000066,0.0
28,3.4,-117.274,42,0.5221161810000012,0.0
29,3.4,-123.118004,42,0.5069445510000001,0.0
30,3.4,-130.842,42,0.49536174099999997,0.0
31,3.4,-145.94601,42,0.5457741509999998,0.0
32,3.4,-151.94601,42,0.5096903220000009,0.0
33,3.4,-146.416,42,0.5019472480000005,0.0
34,3.4,-139.47801,42,0.5073064609999989,0.0
35,3.4,-94.75,42,0.5126805680000004,0.0
36,3.4,-80.44601,42,0.533281787,0.0
37,3.4,-183.998,42,0.528828745000002,0.0
38,3.4,-94.536,42,0.5320413530000003,0.0
39,3.4,-131.704,42,0.5140272829999972,0.0
40,3.4,-117.59,42,0.5413345219999997,0.0
41,3.4,-117.47599,42,0.49656056499999934,0.0
42,3.4,-80.06,42,0.540389827000002,0.0
