generation,max_fitness,mean_fitness,max_dead_time,eval_time,percentage
0,1.1,-84.71188,42,1.5021369350000002,0.0
1,0.9,-200.50691,42,0.7494992899999993,0.0
2,0.9,-107.495056,42,0.7384010649999997,0.0
3,0.9,-70.54159,42,0.7327905749999992,0.0
4,1.5,-59.330696,42,0.7714453680000002,0.0
5,1.5,-56.02376,42,0.7808613569999991,0.0
