generation,max_fitness,mean_fitness,max_dead_time,eval_time,percentage
0,1.9,-143.37453,42,0.699783042,0.0
1,2.1,-252.59807,42,0.5287783179999996,0.0
2,2.1,-120.17255,42,0.48484512399999957,0.0
3,2.7,-121.28432,42,0.5420569100000012,0.0
4,2.7,-92.45883,42,0.520983639999999,0.0
5,2.7,-128.92549,42,0.5106588859999999,0.0
6,2.7,-136.8804,42,0.5020514770000002,0.0
7,2.7,-150.58826,42,0.5168597580000007,0.0
8,2.7,-172.15097,42,0.4594533589999994,0.0
9,2.7,-107.2451,42,0.5438161830000006,0.0
10,2.8,-150.71373,42,0.5272907159999995,0.0
11,2.8,-164.9255,42,0.5240502590000009,0.0
12,11.0,-141.85687,42,0.5274590539999995,0.019607844
13,11.0,-84.92353,42,0.5117268050000003,0.019607844
14,12.8,-178.23924,42,0.5483789080000001,0.1764706
15,12.8,-133.55687,42,0.5159491470000006,0.33333334
16,12.8,-97.4902,42,0.5131171869999989,0.27450982
17,12.8,-83.38236,42,0.5374356509999991,0.21568628
18,12.8,-91.08236,42,0.5205944289999991,0.21568628
19,12.8,-135.51373,42,0.49933311799999913,0.1764706
20,0.9,-105.758835,42,0.5211807380000018,0.0
21,1.5,-91.676476,42,0.5463904149999976,0.0
22,1.5,-97.56275,42,0.5640674130000001,0.0
23,1.5,-151.69609,42,0.5245552680000003,0.0
24,1.5,-98.01373,42,0.5836984590000007,0.0
25,1.5,-126.61374,42,0.541733880999999,0.0
26,1.5,-83.33922,42,0.5314315170000015,0.0
27,1.5,-90.54117,42,0.5475417470000004,0.0
28,1.5,-113.439224,42,0.5228164220000018,0.0
29,1.5,-60.89608,42,0.5666017720000021,0.0
30,1.5,-89.51569,42,0.475655991,0.0
31,1.5,-143.5196,42,0.5421692409999999,0.0
32,1.5,-67.24706,42,0.5556277389999984,0.0
33,1.5,-89.95098,42,0.5020825329999994,0.0
34,1.5,-97.798035,42,0.5313491679999984,0.0
35,1.5,-82.403915,42,0.5284817179999983,0.0
36,1.5,-83.34707,42,0.5553733489999999,0.0
37,1.5,-151.95294,42,0.5432972369999973,0.0
