generation,max_fitness,mean_fitness,max_dead_time,eval_time,percentage
0,10.4,-113.182,42,0.7669800910000002,0.56
1,10.1,-162.62599,42,0.525217628,0.48
2,10.1,-64.30601,42,0.5564015519999987,0.7
3,10.4,-118.77201,42,0.5280812170000004,0.58
4,10.1,-130.336,42,0.5199740029999997,0.56
5,10.4,-126.972,42,0.4950956910000013,0.56
6,11.0,-139.212,42,0.5283950629999996,0.5
7,9.9,-143.684,42,0.5325286900000012,0.53999996
8,10.1,-130.232,42,0.5471099549999998,0.62
9,10.7,-158.082,42,0.5118188929999992,0.45999998
10,10.1,-164.124,42,0.5075948639999996,0.53999996
11,10.7,-95.72599,42,0.501501300000001,0.56
12,11.3,-117.02799,42,0.5284254310000005,0.59999996
13,10.1,-130.116,42,0.5291766819999992,0.56
14,10.7,-73.397995,42,0.49446833499999876,0.68
15,10.4,-123.689995,42,0.4657106219999996,0.56
16,10.9,-95.722,42,0.4924334200000011,0.53999996
17,10.4,-116.394005,42,0.46389905100000206,0.59999996
18,10.6,-132.226,42,0.462205320999999,0.52
19,10.7,-65.772,42,0.5150933809999998,0.68
20,9.5,-370.31998,42,0.5121264729999986,0.02
21,9.5,-338.55597,42,0.4924929739999975,0.02
22,9.5,-319.56198,42,0.537914261000001,0.06
23,9.5,-269.218,42,0.5337941529999988,0.08
24,9.5,-291.708,42,0.5651280760000006,0.099999994
25,9.5,-309.00397,42,0.5059455669999977,0.099999994
26,9.5,-300.88797,42,0.5462776229999982,0.099999994
27,9.5,-301.75198,42,0.4808451290000022,0.099999994
28,9.5,-255.75798,42,0.5521175060000019,0.12
29,9.5,-276.86,42,0.5205458579999984,0.14
30,9.5,-287.632,42,0.5323323359999996,0.14
31,9.5,-290.442,42,0.5723091189999998,0.099999994
32,9.5,-269.08398,42,0.5501080019999982,0.16
33,9.5,-312.05197,42,0.5332840540000028,0.099999994
34,9.5,-310.45398,42,0.4970136620000005,0.12
35,9.5,-299.488,42,0.5351116669999989,0.099999994
36,9.5,-295.188,42,0.521588701999999,0.099999994
37,9.5,-300.828,42,0.5308237740000017,0.099999994
