generation,max_fitness,mean_fitness,max_dead_time,eval_time,percentage
0,0.9,-52.964005,42,0.7726287709999999,0.0
1,0.9,-138.47198,42,0.4894164140000008,0.0
2,0.9,-54.783997,42,0.5337207150000012,0.0
3,0.9,-30.458,42,0.5003501760000013,0.0
4,0.9,-21.544,42,0.5208366239999993,0.0
5,0.9,-36.364,42,0.4415504529999996,0.0
6,0.9,-23.688,42,0.5560140740000001,0.0
7,0.9,-39.416,42,0.5167101930000015,0.0
8,0.9,-29.666,42,0.4913618090000007,0.0
9,0.9,-46.739998,42,0.4829054680000002,0.0
10,0.9,-36.802002,42,0.4860429350000004,0.0
11,0.9,-16.02,42,0.49200790699999963,0.0
12,0.9,-38.61,42,0.4958402590000013,0.0
13,0.9,-38.974,42,0.4776764179999997,0.0
14,0.9,-59.94,42,0.5020177550000007,0.0
15,0.9,-8.214,42,0.5233772390000002,0.0
16,0.9,-15.302,42,0.4537432949999989,0.0
17,0.9,-22.92,42,0.5360714360000003,0.0
18,0.9,-16.175999,42,0.4774573069999981,0.0
19,0.9,-38.818,42,0.5278315899999981,0.0
20,0.9,-38.984,42,0.4948125670000003,0.0
21,0.9,-68.95,42,0.5084443070000013,0.0
22,0.9,-30.911999,42,0.5068549149999981,0.0
23,0.9,-55.047997,42,0.5278164049999994,0.0
24,0.9,-38.236,42,0.4884150169999977,0.0
25,0.9,-23.872002,42,0.5045764499999983,0.0
26,0.9,-30.612001,42,0.534221947999999,0.0
27,0.9,-23.816,42,0.5142424400000003,0.0
28,0.9,-16.128,42,0.5046734659999998,0.0
29,0.9,-31.368002,42,0.4816857259999985,0.0
30,0.9,-39.393997,42,0.5012700489999986,0.0
31,0.9,-30.763998,42,0.5353655530000019,0.0
32,0.9,-8.47,42,0.5484321389999991,0.0
33,0.9,-36.886,42,0.5208523270000001,0.0
34,0.9,-22.603998,42,0.5133925220000002,0.0
35,0.9,-37.579998,42,0.535318200999999,0.0
36,0.9,-15.174,42,0.4849255149999969,0.0
37,0.9,-29.002,42,0.4778866999999991,0.0
38,0.9,-31.046,42,0.444774443,0.0
39,0.9,-31.487999,42,0.45498963400000036,0.0
40,0.9,-39.138,42,0.5034247909999969,0.0
41,0.9,-41.727997,42,0.47254484800000185,0.0
42,0.9,-29.103998,42,0.5198163419999986,0.0
43,0.9,-0.684,42,0.4934551589999998,0.0
44,0.9,-36.926,42,0.5114765390000002,0.0
45,0.9,-30.443998,42,0.5563734750000009,0.0
46,0.9,-8.21,42,0.5042486250000024,0.0
47,0.9,-52.666,42,0.507400416000003,0.0
48,0.9,-16.141998,42,0.5182143819999965,0.0
49,0.9,-21.666,42,0.4889654609999994,0.0
50,1.2,-72.48001,42,0.5462654959999966,0.0
51,1.8,-115.99799,42,0.5461129749999998,0.0
52,2.1,-71.97,42,0.4722505300000037,0.0
53,2.2,-99.022,42,0.5229122820000001,0.0
