generation,max_fitness,mean_fitness,max_dead_time,eval_time,percentage
0,0.9,-140.40892,42,1.497433757,0.0
1,0.9,-264.66336,42,0.797430438000001,0.0
2,1.5,-75.28614,42,0.8313918849999986,0.0
3,1.5,-96.86238,42,0.8247039140000005,0.0
4,2.1,-44.866337,42,0.8772873729999997,0.0
5,2.1,-64.04159,42,0.8660761440000009,0.0
