generation,max_fitness,mean_fitness,max_dead_time,eval_time,percentage
0,-0.9,-328.12222,42,0.05421300000000029,0.0
1,-0.9,-323.90002,42,0.030530999999999864,0.0
2,-0.9,-280.43335,42,0.02990100000000062,0.0
