generation,max_fitness,mean_fitness,max_dead_time,eval_time,percentage
0,0.9,-62.98,42,0.37372206299999977,0.0
1,0.9,-54.097996,42,0.3378306869999985,0.0
2,0.9,-86.44199,42,0.37011703399999973,0.0
3,0.9,-77.80399,42,0.3085796090000006,0.0
4,0.9,-70.79,42,0.26252548799999964,0.0
5,0.9,-54.524,42,0.3683839329999987,0.0
6,0.9,-55.25,42,0.3625481009999998,0.0
