generation,max_fitness,mean_fitness,max_dead_time,eval_time,percentage
0,10.4,-103.077995,42,1.4861646449999997,0.59
1,10.1,-108.24,42,0.791559994,0.63
2,10.4,-119.564995,42,0.7880463300000002,0.57
3,10.7,-88.395996,42,0.7333858710000012,0.62
4,10.7,-113.634995,42,0.7153191069999991,0.53999996
5,10.1,-131.459,42,0.7489167859999988,0.55
6,10.4,-117.83599,42,0.7815307160000007,0.53
7,10.4,-142.194,42,0.7632266740000002,0.52
8,10.6,-140.678,42,0.7153714859999987,0.52
9,11.0,-138.844,42,0.7496184190000008,0.53999996
10,10.1,-136.072,42,0.748247396,0.55
11,10.4,-119.14,42,0.7506084940000015,0.56
12,11.3,-120.374,42,0.765702356000002,0.55
13,10.4,-142.548,42,0.7688805909999985,0.56
14,10.7,-144.33499,42,0.7338206599999992,0.53999996
15,10.4,-108.838,42,0.7606813760000009,0.58
16,10.7,-117.034996,42,0.7769837580000001,0.59
17,10.4,-115.10199,42,0.7679466920000024,0.56
18,10.7,-115.502,42,0.7824156329999994,0.63
19,10.4,-98.729004,42,0.7723239239999984,0.65
20,-0.4,-362.158,42,0.8016787379999997,0.0
21,-0.4,-308.966,42,0.7877143649999994,0.0
22,0.2,-256.672,42,0.765544135999999,0.0
23,0.2,-253.06,42,0.7512118689999987,0.0
24,0.2,-252.70403,42,0.8086815800000018,0.0
25,0.8,-273.628,42,0.842396615000002,0.0
26,0.8,-254.96098,42,0.7482098549999989,0.0
27,0.8,-271.154,42,0.8010261940000021,0.0
28,0.8,-272.836,42,0.7956246889999967,0.0
29,1.8,-287.833,42,0.7092463749999993,0.0
30,1.8,-260.96,42,0.8186802379999989,0.0
