generation,max_fitness,mean_fitness,max_dead_time,eval_time,percentage
0,-0.4,-328.418,42,1.4541780549999999,0.0
1,-0.4,-341.32,42,0.8077505120000001,0.0
2,-0.4,-303.392,42,0.7707201369999996,0.0
3,-0.4,-306.737,42,0.7896249750000006,0.0
4,-0.4,-322.621,42,0.8138699729999992,0.0
5,-0.4,-303.96198,42,0.8287731859999994,0.0
6,-0.4,-303.23297,42,0.7826012589999998,0.0
7,-0.4,-303.413,42,0.8028872149999984,0.0
8,-0.4,-311.828,42,0.8044152760000003,0.0
9,-0.4,-304.01498,42,0.8035703600000019,0.0
10,0.0,-308.661,42,0.7716446670000003,0.0
11,6.0,-304.903,42,0.7608922930000013,0.01
12,6.0,-297.118,42,0.8119049059999988,0.01
13,6.0,-305.815,42,0.7977687119999999,0.06
14,6.0,-301.78598,42,0.8178169250000025,0.11
15,6.0,-302.70898,42,0.8065823300000012,0.12
16,6.0,-283.732,42,0.8098426809999992,0.13
17,6.0,-278.822,42,0.801438933,0.16
18,6.0,-300.607,42,0.7645516059999977,0.14
19,6.5,-311.75897,42,0.7902710209999988,0.11
20,6.5,-295.517,42,0.8065270049999995,0.099999994
21,6.5,-286.743,42,0.7714672890000003,0.12
22,6.5,-293.65198,42,0.8030409170000006,0.17
23,6.5,-304.11697,42,0.7923829589999976,0.13
24,6.5,-311.87598,42,0.8140832519999996,0.11
25,9.7,-288.732,42,0.832445056000001,0.14999999
26,9.7,-284.43698,42,0.7634498700000023,0.17
27,9.7,-316.86697,42,0.8247196290000005,0.11
28,9.7,-318.223,42,0.8002326710000034,0.099999994
29,10.7,-323.79398,42,0.7900090440000014,0.08
30,10.7,-325.45898,42,0.7831140090000019,0.07
31,10.7,-290.497,42,0.8020274149999977,0.11
32,10.7,-311.61,42,0.8003306210000005,0.13
