generation,max_fitness,mean_fitness,max_dead_time,eval_time,percentage
0,9.5,-55.26,42,0.6732418009999996,0.7
1,9.5,-31.067999,42,0.449411853,0.79999995
2,9.5,-46.867996,42,0.4894353699999989,0.76
3,9.5,-61.044,42,0.4267377130000014,0.79999995
4,9.5,-54.013996,42,0.42771739500000017,0.82
5,9.5,-38.904,42,0.4914751699999993,0.78
6,9.5,-38.402,42,0.45876810600000084,0.82
7,9.8,-77.588,42,0.4526855540000003,0.74
8,9.5,-31.223999,42,0.3980496139999996,0.79999995
9,10.1,-59.042,42,0.4436926680000006,0.78
10,10.1,-71.591995,42,0.46670967200000035,0.7
11,10.7,-81.248,42,0.4601519080000003,0.62
12,10.1,-73.764,42,0.5084640669999985,0.78
13,10.7,-99.576,42,0.4759590849999995,0.5
14,10.7,-63.388,42,0.45000716200000035,0.64
15,10.7,-160.09,42,0.4706193469999995,0.44
16,10.4,-106.956,42,0.47725518300000047,0.53999996
17,10.4,-119.09,42,0.48105608300000036,0.53999996
18,9.8,-116.754,42,0.4401822039999992,0.62
19,10.4,-116.70799,42,0.40686580199999867,0.56
20,10.4,-149.718,42,0.4106671740000003,0.52
21,11.0,-44.154,42,0.47717568200000215,0.76
22,10.7,-90.82,42,0.4714688489999972,0.64
23,11.0,-117.45199,42,0.4888521929999996,0.5
24,11.3,-107.792,42,0.48576051499999906,0.44
25,9.5,-36.0,42,0.4055406370000014,0.88
26,9.8,-6.0499997,42,0.45938744799999753,0.94
27,9.8,-35.738,42,0.4030453350000016,0.88
28,9.8,-5.8399997,42,0.5413919490000012,0.91999996
29,9.8,-13.772,42,0.4381004759999989,0.9
30,10.1,-29.07,42,0.49460516099999907,0.88
31,10.1,-21.186,42,0.46337430399999846,0.88
32,10.1,-7.264,42,0.47520151799999866,0.79999995
33,10.4,-6.98,42,0.4172493450000019,0.79999995
34,10.4,0.41600004,42,0.45021173800000014,0.82
35,10.4,-28.826,42,0.3771245260000029,0.82
36,10.4,-6.5099998,42,0.464986212000003,0.88
37,10.4,0.083999634,42,0.46787163900000195,0.76
38,10.4,1.9139999,42,0.5314364699999992,0.94
39,10.4,-12.849999,42,0.5172768559999987,0.85999995
40,10.4,-21.869999,42,0.4808654680000011,0.79999995
