generation,max_fitness,mean_fitness,max_dead_time,eval_time,percentage
0,9.5,-55.26,42,0.6170633759999999,0.7
1,9.5,-31.067999,42,0.4095182659999992,0.79999995
2,9.5,-46.462,42,0.43235138299999853,0.76
3,9.5,-61.044,42,0.4087541659999996,0.79999995
4,9.5,-54.013996,42,0.4433142959999987,0.82
5,9.5,-38.904,42,0.4773787449999993,0.78
