generation,max_fitness,mean_fitness,max_dead_time,eval_time,percentage
0,-333.5,-362.0,42,0.18093508199999997,0.0
1,-333.5,-362.0,42,0.17364175300000007,0.0
