generation,max_fitness,mean_fitness,max_dead_time,eval_time,percentage
0,1.5,-143.28317,42,1.672634112,0.0
1,1.5,-217.7802,42,0.8839785339999988,0.0
2,1.5,-40.358418,42,0.9169991160000013,0.0
3,1.5,-43.885147,42,0.8838434040000003,0.0
4,1.5,-43.980198,42,0.9187730630000015,0.0
5,1.8,-52.017822,42,0.8490321940000012,0.0
6,1.8,-100.32376,42,0.8495539989999994,0.0
7,1.8,-56.120792,42,0.852037245,0.0
8,1.8,-51.211884,42,0.9005025839999998,0.0
9,1.8,-35.129704,42,0.8864720659999996,0.0
10,1.8,-60.11386,42,0.8188149029999998,0.0
11,1.8,-70.74059,42,0.8793278339999979,0.0
12,1.8,-44.224754,42,0.915937134,0.0
13,1.8,-64.514854,42,0.852195394999999,0.0
14,1.8,-65.04257,42,0.8791799089999977,0.0
